9,100,14,2,3,6,4,14,3,7,10,3,22,6,2,11,7,1,100,
AMOVA-GENALEX,,,CON,FCP,FHM,LCN,LM1,LM3,MC1,MC2,OSF,PET,POC,SEL,SU1,TUN,,,
Ind,Pop,108,,G4,,103,,119,,121,,124,,B103,,B108,,B128,
CON_06,CON,183,195,187,187,284,287,0,0,228,234,204,222,278,304,122,132,157,163
CON_07,CON,183,189,187,190,287,287,0,0,222,231,210,213,278,282,122,124,157,165
FCP_11,FCP,183,183,187,187,284,284,170,170,231,231,210,216,262,328,118,118,155,155
FCP_13,FCP,183,183,187,187,284,284,170,170,183,183,207,207,262,340,118,118,167,167
FCP_21,FCP,183,183,187,187,284,284,170,170,228,228,210,216,262,328,118,118,139,139
FHM_20,FHM,183,189,187,190,284,287,173,173,222,234,204,213,304,304,128,130,165,165
FHM_37,FHM,183,189,187,190,284,284,170,173,231,231,210,213,0,0,0,0,0,0
FHM_41,FHM,183,183,187,190,284,284,173,176,231,231,204,213,296,304,128,128,0,0
FHM_43,FHM,183,183,187,187,284,284,173,176,231,231,204,216,296,304,128,128,159,173
FHM_44,FHM,183,183,187,187,287,287,170,176,228,287,210,210,282,282,128,134,173,173
FHM_9,FHM,0,0,187,187,287,287,0,0,0,0,0,0,276,304,0,0,169,169
LCN_04,LCN,192,201,187,190,284,287,170,173,237,237,207,216,288,296,126,130,0,0
LCN_22,LCN,192,201,187,190,284,287,170,173,237,237,207,216,288,310,126,130,0,0
LCN_44,LCN,192,201,187,190,284,287,170,173,240,240,207,216,288,306,126,130,0,0
LCN_45,LCN,192,201,187,190,284,287,170,173,237,237,207,216,288,306,126,130,0,0
LM1_01,LM1,195,198,187,190,284,284,170,173,237,237,210,216,336,354,130,130,151,151
LM1_02,LM1,183,195,187,190,284,284,170,173,228,231,210,210,336,340,128,130,0,0
LM1_03,LM1,183,192,187,190,284,284,173,176,228,231,210,216,336,340,128,128,0,0
LM1_06,LM1,183,183,187,187,287,287,173,173,231,234,210,210,294,294,126,128,175,175
LM1_07,LM1,183,183,190,190,284,284,173,173,228,234,213,216,282,340,130,132,159,177
LM1_08,LM1,183,195,187,187,287,287,0,0,0,0,216,216,282,288,130,130,0,0
LM1_09,LM1,183,198,187,190,284,284,173,173,231,234,204,213,282,282,130,134,159,159
LM1_11,LM1,183,195,187,187,284,284,170,176,228,234,216,216,282,288,128,128,0,0
LM1_12,LM1,183,189,187,187,0,0,173,182,228,231,210,213,294,294,126,128,169,175
LM1_13,LM1,183,192,187,190,284,284,173,176,228,234,216,216,282,340,128,128,159,171
LM1_14,LM1,183,192,187,190,284,284,170,176,231,231,210,216,282,288,126,130,175,175
LM1_15,LM1,192,195,187,187,284,284,170,173,234,234,210,210,282,290,126,134,151,173
LM1_16,LM1,183,189,187,187,284,284,173,173,237,240,210,216,282,342,128,130,177,177
LM1_17,LM1,189,195,187,190,284,284,173,176,222,237,216,216,282,288,128,130,159,171
LM3_01,LM3,189,195,187,190,284,284,173,173,234,237,204,210,294,342,128,132,175,175
LM3_06,LM3,189,195,187,190,284,284,173,173,234,237,204,210,294,342,128,132,169,175
LM3_14,LM3,183,183,0,0,284,284,0,0,234,234,210,216,0,0,126,126,171,171
MC1_01,MC1,183,183,187,187,284,284,173,173,183,237,213,213,282,294,122,126,169,169
MC1_02,MC1,183,183,187,187,284,284,173,173,231,234,213,213,300,344,128,130,157,177
MC1_06,MC1,183,195,187,187,284,284,173,173,183,234,213,213,298,300,128,132,171,171
MC1_07,MC1,183,195,187,187,284,284,173,173,183,234,204,213,298,300,128,132,171,171
MC1_08,MC1,183,195,187,190,284,284,170,176,183,234,204,213,298,300,128,132,171,171
MC1_09,MC1,183,183,0,0,287,287,170,173,183,222,210,210,278,338,122,126,0,0
MC1_14,MC1,183,183,187,187,287,287,170,173,183,222,210,210,278,338,122,126,0,0
MC2_01,MC2,195,198,187,187,284,284,170,182,183,237,210,213,292,356,124,126,169,175
MC2_05,MC2,183,198,187,190,284,284,173,182,183,237,210,213,316,356,126,126,175,175
MC2_06,MC2,183,195,187,190,284,284,173,173,183,237,213,213,284,336,128,130,159,159
MC2_07,MC2,183,195,187,187,284,284,173,173,183,237,213,213,284,336,128,130,159,159
MC2_12,MC2,183,195,187,190,284,284,170,176,183,237,204,210,284,336,128,130,159,159
MC2_13,MC2,183,195,0,0,284,284,0,0,183,237,204,210,284,336,128,130,159,159
MC2_14,MC2,183,195,187,190,284,284,173,173,183,237,210,213,284,336,128,130,159,159
MC2_16,MC2,183,195,187,187,284,284,0,0,183,234,210,213,284,336,128,130,159,167
MC2_17,MC2,183,195,187,187,284,284,173,173,183,237,204,213,278,284,0,0,159,159
MC2_18,MC2,183,183,187,190,284,287,176,176,228,237,204,213,286,338,122,126,159,165
OSF_22,OSF,183,183,190,190,284,284,173,179,183,228,213,219,282,340,122,136,169,169
OSF_23,OSF,183,189,187,190,287,287,173,173,183,183,213,216,316,340,126,128,153,171
OSF_36,OSF,183,183,187,190,284,287,173,173,183,183,213,222,278,354,124,134,163,183
PET_01,PET,183,189,187,187,284,284,170,182,183,183,213,216,286,354,114,128,0,0
PET_02,PET,183,189,187,187,284,284,176,176,183,183,213,216,286,298,114,126,0,0
PET_03,PET,189,189,187,187,284,284,176,182,183,228,216,216,0,0,0,0,0,0
PET_04,PET,189,189,187,190,284,284,170,176,183,222,210,213,296,296,124,128,0,0
PET_06,PET,189,189,187,187,284,284,182,182,183,228,216,216,296,296,128,134,0,0
PET_07,PET,183,189,187,187,284,311,170,176,183,228,213,213,286,296,114,126,0,0
PET_09,PET,183,189,187,187,284,311,176,185,183,231,213,213,296,296,114,134,0,0
PET_10,PET,189,189,187,187,284,284,182,182,183,240,213,216,286,286,114,126,0,0
PET_11,PET,183,189,187,190,284,284,176,182,228,240,210,213,0,0,0,0,0,0
PET_12,PET,189,189,187,187,281,284,176,185,183,183,213,216,296,296,126,128,0,0
PET_13,PET,183,189,190,190,284,284,170,176,183,183,216,216,288,296,114,124,0,0
PET_14,PET,189,189,187,187,284,284,170,182,183,228,210,213,296,300,114,134,0,0
PET_15,PET,189,189,187,187,0,0,170,176,183,228,213,216,0,0,0,0,0,0
PET_16,PET,189,189,187,190,287,287,176,182,183,231,216,216,300,300,128,128,0,0
PET_17,PET,183,189,187,187,284,287,170,182,183,228,213,213,288,300,126,134,0,0
PET_18,PET,183,183,187,187,284,287,176,182,183,183,213,213,286,286,128,128,0,0
PET_19,PET,0,0,190,190,0,0,182,182,183,228,216,216,296,296,126,126,0,0
PET_20,PET,183,189,187,187,287,311,179,182,183,228,213,216,296,296,128,128,0,0
PET_21,PET,183,189,187,187,284,287,176,182,183,228,213,213,0,0,0,0,0,0
PET_22,PET,189,189,187,187,284,311,176,182,183,240,210,213,0,0,0,0,0,0
PET_23,PET,183,189,187,187,284,284,0,0,183,234,213,216,0,0,0,0,0,0
PET_24,PET,183,189,187,187,284,287,170,185,0,0,216,216,0,0,0,0,0,0
POC_07,POC,183,189,187,187,0,0,161,173,183,234,210,213,0,0,124,124,0,0
POC_10,POC,183,189,187,187,0,0,176,176,183,240,210,210,0,0,0,0,0,0
POC_24,POC,183,189,187,187,0,0,170,173,183,183,213,216,0,0,0,0,0,0
POC_28,POC,183,189,187,187,0,0,170,173,183,234,213,216,0,0,124,130,0,0
POC_36,POC,183,189,187,187,0,0,176,182,240,240,210,210,0,0,122,124,0,0
POC_43,POC,183,189,187,187,284,287,161,182,228,231,210,213,0,0,0,0,0,0
SEL_01,SEL,183,198,187,190,284,284,0,0,231,231,0,0,284,288,126,132,157,171
SEL_02,SEL,183,195,187,190,284,284,173,176,183,234,216,216,294,346,124,132,157,167
SU1_01,SU1,183,198,187,190,284,284,173,173,237,240,210,216,284,304,126,130,151,161
SU1_02,SU1,183,192,187,187,284,284,170,173,228,234,210,213,282,304,130,130,167,167
SU1_03,SU1,183,198,187,190,284,284,173,182,222,231,213,216,282,332,126,128,151,161
SU1_11,SU1,183,183,187,190,284,284,173,179,228,234,213,216,282,288,126,134,151,171
SU1_13,SU1,183,183,187,190,284,284,173,176,231,234,216,216,282,284,126,126,161,161
SU1_16,SU1,183,183,187,187,284,284,173,173,228,240,213,213,282,288,128,130,165,165
SU1_17,SU1,183,183,187,187,0,0,173,182,237,240,210,210,282,304,126,126,151,177
SU1_21,SU1,183,183,187,187,284,284,176,182,231,237,210,216,282,332,128,134,165,177
SU1_23,SU1,183,183,187,190,284,284,173,173,183,237,210,216,282,336,126,132,147,147
SU1_25,SU1,183,198,187,190,284,284,173,173,237,240,210,216,284,304,126,130,151,161
SU1_31,SU1,183,183,187,187,284,284,173,176,228,231,213,216,288,304,130,130,165,165
TUN_03,TUN,183,192,190,190,284,284,0,0,222,228,225,225,282,344,124,128,167,169
TUN_08,TUN,183,189,0,0,0,0,0,0,228,240,204,204,0,0,0,0,0,0
TUN_09,TUN,192,198,187,190,284,284,158,179,237,240,213,213,282,336,128,130,167,167
TUN_11,TUN,183,189,190,190,284,284,176,182,183,219,216,216,280,304,134,140,153,175
TUN_18,TUN,183,192,190,190,287,287,179,188,234,243,216,216,288,344,130,130,167,179
TUN_23,TUN,183,198,187,190,284,287,0,0,231,243,0,0,288,344,130,132,167,175
TUN_24,TUN,183,183,190,190,284,284,0,0,0,0,0,0,282,282,114,132,163,175