,locus108,locusG4,locus103,locus119,locus121,locus124,locusB103,locusB108,locusB128
BCB_01,183/192,187/190,287/287,173/179,183/228,204/204,290/316,0/0,155/159
BCB_02,183/198,187/190,287/287,173/173,228/237,213/213,290/316,0/0,155/159
BCB_04,183/192,187/190,287/287,173/179,183/228,204/204,284/316,0/0,153/185
BCB_06,183/183,187/190,287/287,173/179,183/228,204/204,290/316,0/0,155/159
BCB_08,183/192,187/190,287/287,173/179,183/228,204/204,290/316,0/0,153/185
BCB_12,183/189,187/190,0/0,173/179,183/183,204/204,290/316,0/0,155/159
BCB_21,183/183,187/190,0/0,173/179,183/183,204/204,284/316,0/0,153/185
BCB_22,183/192,187/190,287/287,173/179,183/228,204/204,0/0,0/0,155/185
BCL_01,183/189,187/190,0/0,170/173,234/237,0/0,0/0,0/0,0/0
BCL_02,183/183,187/190,0/0,173/182,222/228,216/222,282/352,128/128,0/0
BCL_03,183/183,187/187,284/284,176/182,222/234,204/222,282/336,128/128,169/169
BCL_05,189/195,190/190,284/284,170/170,222/240,216/222,286/306,122/128,167/167
BCL_07,0/0,187/187,0/0,173/176,183/237,213/216,282/286,114/128,0/0
BCL_09,183/189,187/187,284/284,158/182,222/231,204/216,306/336,114/134,157/171
BCL_10,189/195,187/190,0/0,173/179,231/231,210/213,286/360,114/130,161/161
BCL_11,183/198,187/187,0/0,170/170,183/222,204/216,282/282,114/130,167/173
BCL_12,183/201,187/187,284/284,173/185,234/234,213/213,340/354,114/114,0/0
BCL_13,183/201,187/190,284/284,176/176,222/228,213/222,282/290,128/130,167/167
BCL_14,183/189,190/190,284/284,173/176,231/234,213/216,286/336,128/134,171/171
BCL_15,183/198,190/190,284/287,173/179,231/237,210/222,282/336,128/134,175/175
BCP_01,183/183,187/190,284/284,0/0,222/237,204/204,286/292,126/126,0/0
BCP_28,183/183,187/190,284/284,170/170,237/249,204/210,284/284,126/126,163/175
BLU_01,183/189,187/190,287/287,170/170,216/237,213/213,278/278,0/0,158/158
BLU_02,183/189,190/190,284/287,170/173,231/234,210/213,280/280,0/0,158/158
BLU_07,183/189,187/190,284/287,170/170,234/234,213/222,280/284,0/0,158/158
BLU_08,183/189,187/190,284/287,176/182,216/231,213/213,0/0,0/0,158/158
BLU_18,195/198,187/190,284/287,170/176,183/234,213/222,278/278,0/0,158/158
BLU_20,198/198,187/187,287/287,158/176,183/237,213/222,278/278,0/0,158/158
BLU_22,183/189,190/190,284/284,158/173,183/183,213/213,282/282,0/0,158/158
BLU_24,189/195,187/190,284/287,170/179,237/237,210/210,284/284,0/0,158/158
BLU_25,183/198,187/190,284/284,176/182,234/234,216/222,0/0,0/0,158/158
BSF_01,195/198,190/190,284/284,158/182,231/234,204/216,326/338,0/0,0/0
BSF_02,195/198,187/190,284/284,170/182,183/234,213/222,282/342,0/0,0/0
BSF_03,183/183,187/190,284/284,170/182,231/234,210/222,278/342,0/0,0/0
BSF_04,183/201,190/190,284/284,170/182,234/234,204/210,278/336,0/0,0/0
BSF_05,183/192,187/187,284/284,173/176,234/234,213/216,294/336,0/0,0/0
BSF_06,183/192,190/190,284/284,173/182,234/234,213/216,282/336,0/0,0/0
BSF_07,183/183,187/190,284/284,176/176,234/234,204/216,294/336,0/0,0/0
BSF_08,183/183,190/190,284/284,170/182,234/234,222/222,304/342,0/0,167/171
BSF_09,183/198,187/187,284/284,170/182,234/237,204/213,282/334,0/0,0/0
BSF_10,183/195,187/190,284/287,173/182,234/237,204/213,284/298,0/0,0/0
BSF_11,183/201,190/190,284/284,176/194,231/237,213/213,282/326,0/0,171/171
BSF_12,183/195,187/190,284/284,0/0,231/234,213/216,334/334,0/0,0/0
BSF_13,183/195,187/190,284/284,170/173,183/234,216/222,336/342,0/0,0/0
BSF_14,183/183,187/187,284/284,173/176,231/231,204/213,282/336,0/0,0/0
BSF_15,183/198,190/190,284/284,170/170,234/237,204/204,294/294,0/0,159/159
BSF_16,183/198,187/190,284/284,158/182,231/231,204/222,278/334,0/0,0/0
BSF_17,0/0,187/190,284/284,170/182,234/234,204/213,336/336,0/0,159/169
BSF_18,0/0,187/190,284/284,170/170,234/234,204/213,282/336,0/0,167/171
BSF_19,183/183,187/190,284/284,173/173,231/237,204/216,334/334,0/0,167/179
BSF_20,183/183,190/190,284/284,170/182,228/240,204/216,294/300,0/0,0/0
BSF_21,183/195,187/187,284/284,170/176,234/237,204/216,278/294,0/0,0/0
BTH_02,0/0,187/190,284/284,161/191,225/228,210/219,0/0,0/0,0/0
BTH_03,189/201,187/187,287/324,173/191,183/228,204/216,0/0,0/0,0/0
BTH_04,183/195,187/187,281/284,0/0,183/228,216/216,0/0,0/0,0/0
BTH_05,195/198,187/187,324/324,0/0,0/0,216/216,0/0,0/0,0/0
BTH_06,198/198,187/187,281/324,161/176,183/234,216/216,0/0,0/0,0/0
BTH_07,198/198,187/190,284/287,170/170,183/228,216/216,0/0,0/0,0/0
BTH_08,198/198,187/190,287/287,170/170,183/228,216/216,0/0,0/0,0/0
BTH_09,195/198,190/190,281/284,176/191,0/0,210/216,0/0,0/0,0/0
BTH_10,189/198,187/187,0/0,170/191,228/228,216/219,0/0,0/0,0/0
BTH_11,189/198,187/187,284/318,170/176,183/228,216/216,0/0,0/0,0/0
BTH_12,198/198,187/187,281/324,173/176,183/234,216/216,0/0,0/0,0/0
BTH_13,183/198,187/187,0/0,170/191,183/216,219/219,0/0,0/0,0/0
BTH_14,183/198,187/187,281/339,170/170,225/228,213/216,0/0,0/0,0/0
BTH_15,198/198,190/190,321/324,176/191,183/225,216/219,0/0,0/0,0/0
BTH_16,195/198,190/190,287/324,170/170,228/228,216/216,0/0,0/0,0/0
BTH_17,198/198,187/190,284/339,170/191,183/183,216/216,0/0,0/0,0/0
BTH_18,198/198,187/190,284/321,170/173,183/183,213/213,0/0,0/0,0/0
BTH_19,183/189,187/190,284/339,170/191,216/228,210/219,0/0,0/0,0/0
BTH_20,195/198,187/187,284/321,161/170,183/228,216/216,0/0,0/0,0/0
BTH_21,195/198,190/190,284/321,170/176,0/0,216/216,0/0,0/0,0/0
BTH_22,183/198,187/187,284/284,170/170,183/183,213/216,0/0,0/0,0/0
BTH_23,189/198,187/190,311/321,176/176,183/222,216/219,0/0,0/0,0/0
BTH_24,198/198,187/190,311/324,173/191,183/228,216/216,0/0,0/0,0/0
BTH_25,189/198,187/187,0/0,170/170,0/0,216/216,278/300,122/126,0/0
BTH_26,189/204,187/190,0/0,170/173,0/0,207/216,278/288,126/130,167/167
BTH_27,195/198,187/190,0/0,170/170,0/0,216/216,278/278,128/130,171/171
BTH_28,195/204,187/190,0/0,170/170,0/0,210/216,300/358,126/130,153/171
BTH_29,195/204,187/190,0/0,170/176,0/0,216/216,278/290,124/130,153/165
BTH_30,198/198,187/187,0/0,0/0,0/0,0/0,278/278,124/124,153/159
BTH_31,198/198,187/187,0/0,173/176,0/0,213/216,278/288,124/130,0/0
BTH_32,198/198,187/187,0/0,173/176,0/0,216/216,278/288,124/130,0/0
BTH_33,198/198,187/190,0/0,170/170,0/0,216/216,278/302,130/130,0/0
BTH_34,198/198,190/190,0/0,170/170,0/0,216/216,302/338,132/132,0/0
BTH_35,198/198,190/190,0/0,176/176,0/0,204/216,292/338,124/130,153/153
BTH_36,198/201,187/190,0/0,170/176,0/0,216/216,288/302,130/148,147/147
BTH_37,198/204,187/190,0/0,0/0,0/0,213/216,0/0,122/130,165/165
CAD_02,189/198,187/187,284/284,170/176,183/237,210/216,278/278,126/136,167/167
CAD_03,189/198,187/190,284/284,176/179,237/237,210/216,278/278,128/136,163/175
CAD_04,198/198,187/187,284/284,176/176,237/237,213/216,278/300,126/136,175/175
CAD_05,189/198,187/190,284/284,176/179,237/237,210/216,278/278,128/136,163/175
CAD_06,0/0,0/0,0/0,0/0,0/0,0/0,300/300,128/136,163/175
CAD_07,198/198,187/187,284/284,176/176,237/237,213/216,278/300,126/136,175/175
CAD_08,198/198,187/187,284/284,176/176,237/237,213/216,278/300,126/136,175/175
CAD_09,198/198,190/190,284/284,176/176,237/237,210/210,278/300,128/128,0/0
CAD_12,198/198,187/190,287/287,176/179,183/183,210/216,278/282,128/136,0/0
CAD_13,0/0,187/190,0/0,0/0,0/0,0/0,278/300,128/136,175/175
CAD_20,189/189,190/190,284/284,176/176,237/237,210/210,278/300,128/136,0/0
CAD_21,189/189,190/190,284/284,176/179,237/237,210/213,278/300,126/130,163/163
CAD_22,183/189,187/190,0/0,170/185,183/183,216/219,0/0,128/128,163/167
CAD_24,189/198,187/190,284/284,176/179,183/237,210/216,278/300,128/136,175/175
CAD_26,183/189,190/190,0/0,170/179,183/237,210/213,278/278,128/128,151/163
CAD_28,183/189,190/190,0/0,170/179,183/183,210/213,278/278,128/128,151/163
CAD_30,183/189,190/190,0/0,170/179,183/237,210/213,278/278,130/130,151/165
CAD_31,183/198,187/187,0/0,176/176,231/237,210/216,282/300,128/136,151/175
CAD_32,183/189,190/190,0/0,170/179,183/183,210/213,278/278,128/128,151/163
CAD_33,189/198,187/190,0/0,176/179,183/237,210/216,278/300,126/126,175/175
CAD_35,183/198,187/190,0/0,176/176,207/237,210/210,282/300,128/128,175/175
CAT_01,183/192,187/187,281/284,170/176,183/228,216/216,286/294,122/126,163/163
CCC_01,183/189,187/187,287/287,170/173,234/234,210/213,312/336,126/128,0/0
CCC_04,183/198,187/187,0/0,173/182,234/234,204/213,340/340,128/128,169/169
CCC_05,189/192,187/187,0/0,170/173,234/240,0/0,284/336,124/128,149/149
CCC_06,189/198,187/187,284/287,170/173,234/240,216/216,298/336,124/126,149/149
CCC_09,189/189,187/187,284/287,173/173,0/0,213/213,336/340,124/126,149/149
CCC_10,195/210,187/187,0/0,0/0,0/0,0/0,0/0,130/130,167/167
CCC_12,183/183,187/187,0/0,176/182,234/234,204/204,284/342,128/128,0/0
CCC_13,183/198,187/187,287/287,173/176,231/234,213/213,340/340,126/128,147/179
CCC_16,183/192,187/187,287/287,170/182,0/0,213/216,284/338,124/128,147/147
CCC_17,183/198,187/187,284/284,170/173,234/234,216/216,284/340,130/132,0/0
CCC_21,183/198,187/187,287/287,170/170,228/237,210/213,296/296,128/128,173/173
CCC_22,183/183,187/187,281/281,170/179,237/240,210/216,284/296,128/128,173/173
CFR_01,189/195,187/190,284/324,170/176,183/234,213/216,298/336,114/126,0/0
CFR_12,183/195,187/187,287/287,170/176,228/228,204/213,0/0,122/128,0/0
CFR_13,195/207,187/190,284/311,170/176,183/183,210/216,292/338,126/126,0/0
CFR_14,183/210,187/190,284/287,176/182,183/228,210/216,286/338,126/126,0/0
CFR_15,195/207,187/190,284/284,176/182,183/183,210/216,292/338,126/126,0/0
CHR_01,198/201,187/187,287/287,173/188,228/234,210/210,282/296,126/132,167/167
CHR_02,183/195,187/187,284/284,170/176,228/234,204/210,288/336,124/132,167/173
CHR_04,195/195,187/187,284/284,170/173,183/237,213/213,284/340,122/130,167/173
CHR_08,183/195,187/187,284/287,170/173,231/237,204/216,300/336,130/130,167/173
CHR_09,198/198,187/187,284/284,176/176,183/237,204/204,284/356,128/128,167/167
CHR_10,195/198,187/187,284/287,170/173,237/237,204/204,336/336,124/128,163/171
CHR_11,198/198,187/187,284/287,170/176,231/237,204/210,282/336,128/130,163/171
CHR_12,198/198,187/187,284/287,170/176,231/237,204/210,282/336,128/130,163/173
CHR_13,198/198,187/187,284/284,176/176,237/237,204/204,284/356,128/128,167/167
CHR_18,195/198,187/187,284/284,173/176,231/237,204/210,282/336,128/132,167/167
CHR_19,183/183,187/187,284/284,176/179,222/228,213/216,356/356,124/132,159/167
CHR_20,183/189,187/187,284/284,170/173,183/237,204/204,336/338,124/128,159/167
CHR_22,189/195,187/187,284/284,173/179,0/0,204/204,336/338,124/128,0/0
CHR_24,183/189,187/187,284/284,170/170,231/234,210/213,292/306,128/130,0/0
CHR_25,183/183,187/187,284/284,170/170,0/0,204/204,284/336,128/128,167/167
CHR_26,183/195,187/187,284/287,173/188,0/0,204/210,300/336,124/130,173/173
CHR_27,183/195,187/187,284/287,173/173,0/0,204/213,336/336,124/126,173/173
CHR_28,183/183,187/187,284/284,176/176,0/0,204/216,300/356,130/132,167/173
CHR_29,183/198,187/187,284/287,170/170,0/0,204/210,282/356,128/130,167/173
CKW_01,183/183,187/190,0/0,173/182,183/240,210/210,284/284,0/0,0/0
CKW_02,195/195,187/187,281/314,158/176,183/183,210/216,284/286,124/132,165/171
CKW_05,183/183,187/187,314/339,176/176,183/234,210/216,284/284,124/132,161/161
CKW_06,183/195,187/187,314/333,173/176,234/234,210/216,284/286,132/132,0/0
CKW_07,183/183,187/187,314/339,170/176,183/234,204/210,284/284,132/132,161/161
CKW_09,183/183,187/190,284/314,173/176,183/228,210/210,284/284,128/132,159/165
CKW_10,183/183,187/187,314/314,0/0,183/234,204/210,284/284,0/0,0/0
CKW_13,183/183,187/187,281/314,176/182,234/234,210/210,284/284,132/132,175/175
CKW_14,183/183,187/187,314/357,170/176,234/234,210/216,284/284,124/132,161/161
CKW_15,183/195,187/187,296/336,170/182,240/240,204/210,284/284,126/132,0/0
CKW_16,0/0,187/190,0/0,0/0,222/237,210/213,284/286,0/0,0/0
CKW_17,183/195,187/187,0/0,0/0,183/183,204/210,284/286,126/132,0/0
CKW_19,183/183,187/187,281/293,176/176,183/183,210/216,284/284,124/132,163/163
COL_01,189/189,187/187,284/284,176/182,225/240,213/216,286/286,126/126,157/165
COL_11,189/189,187/187,284/284,176/191,225/240,213/216,286/286,126/126,157/165
COL_16,189/189,187/187,284/284,182/191,183/240,213/213,286/292,126/126,161/161
COL_17,189/195,187/187,0/0,176/182,216/240,204/210,286/286,126/126,157/165
COL_18,189/195,187/187,324/324,182/191,240/240,210/213,286/286,126/126,157/165
COL_19,189/195,187/187,281/324,182/191,240/240,210/213,286/286,126/126,157/165
COL_31,189/189,187/187,284/284,176/182,225/240,213/216,286/286,126/126,157/165
COL_32,189/195,187/187,0/0,176/182,240/240,213/213,286/286,126/126,157/165
COL_33,189/195,187/187,281/281,176/182,240/240,213/213,286/294,126/126,165/165
COL_34,189/189,187/187,284/284,182/191,225/240,213/216,286/294,126/126,165/165
COL_35,189/189,187/187,284/284,176/182,225/240,213/216,286/286,126/126,157/165
COL_37,189/195,187/187,281/281,176/182,240/240,213/213,286/286,126/126,157/165
COL_39,189/189,187/187,311/321,170/176,183/228,204/216,0/0,126/126,165/165
COL_40,189/195,187/187,281/281,182/191,240/240,213/213,290/290,126/126,165/165
COL_44,189/195,187/187,281/281,182/191,240/240,213/213,286/294,126/126,165/165
COL_47,189/195,187/187,281/281,182/191,240/240,213/213,286/294,126/126,165/165
COL_48,189/195,187/187,324/324,182/191,183/183,213/213,0/0,126/126,165/165
COL_50,189/189,187/187,284/284,176/182,225/240,213/216,286/286,126/126,165/165
DCR_01,183/183,187/190,284/284,173/173,183/222,210/210,282/288,132/132,151/167
DRP_04,183/189,187/187,281/305,170/170,234/237,204/204,286/286,134/136,0/0
DRP_06,183/189,187/190,278/281,170/173,237/240,204/222,284/284,128/134,151/151
DRP_10,195/198,187/187,293/336,170/176,231/237,0/0,284/284,120/128,167/167
DRP_12,183/189,187/187,336/342,176/176,228/228,0/0,284/284,128/132,161/161
DRP_13,189/189,187/187,305/342,170/176,234/234,0/0,284/286,128/134,161/161
DRP_14,183/198,187/187,290/342,170/176,234/234,0/0,284/286,128/134,161/161
DRP_15,183/189,187/187,0/0,170/176,231/231,0/0,284/284,128/134,0/0
DRP_16,183/183,187/190,284/336,170/170,237/237,0/0,284/284,128/134,151/151
DRP_17,183/183,187/187,0/0,170/173,222/228,0/0,284/284,0/0,0/0
DRP_18,183/189,187/190,281/298,170/173,231/240,204/222,284/284,128/130,151/173
DRP_19,183/183,187/187,336/339,173/179,222/222,210/210,284/284,0/0,151/173
DRP_21,183/189,187/190,290/298,170/173,234/237,204/210,284/284,132/136,0/0
DRP_22,183/183,187/187,281/298,170/170,234/237,204/204,284/284,120/136,0/0
ER2_01,183/189,0/0,287/287,0/0,183/183,0/0,0/0,0/0,163/163
ER2_04,183/189,0/0,281/281,0/0,183/183,210/213,0/0,114/128,163/163
ER2_07,183/189,187/187,281/284,0/0,183/183,210/213,0/0,0/0,163/163
ER2_09,183/189,187/187,287/287,173/173,183/231,0/0,306/340,114/130,163/163
EUT_01,183/183,187/187,287/287,176/179,0/0,213/216,340/350,130/134,0/0
EUT_02,183/183,187/190,311/321,173/173,0/0,213/213,354/356,122/126,161/161
EUT_03,183/183,187/187,311/321,173/173,0/0,213/213,354/356,122/126,161/161
EUT_04,183/183,187/190,311/321,173/173,0/0,213/213,354/356,122/126,161/161
EUT_06,183/183,187/190,284/284,173/176,237/237,213/216,334/354,122/132,161/161
EUT_07,183/183,187/187,0/0,173/182,231/231,210/210,338/338,126/130,0/0
EUT_08,183/183,187/190,0/0,0/0,0/0,213/213,334/352,122/126,0/0
EUT_09,183/192,187/187,287/287,173/173,231/231,213/213,292/334,122/122,0/0
EUT_10,183/192,187/190,324/330,173/173,231/231,213/213,292/350,122/130,0/0
EUT_11,183/183,187/187,0/0,161/173,231/231,210/210,292/334,130/130,159/159
EUT_12,183/183,187/190,284/284,173/173,0/0,213/216,336/340,122/128,161/169
EUT_13,183/183,187/190,284/321,176/176,237/237,213/216,334/334,122/122,173/173
EUT_14,183/183,187/190,284/321,176/176,237/237,213/216,334/334,122/122,173/173
EUT_15,183/183,187/190,0/0,173/176,0/0,0/0,334/340,122/126,0/0
EUT_16,183/183,187/190,284/284,173/176,0/0,213/222,338/344,124/128,0/0
EUT_17,183/183,187/190,284/284,176/179,0/0,222/222,344/350,128/132,171/171
EUT_18,183/183,187/187,284/284,173/173,0/0,0/0,0/0,122/132,0/0
EUT_19,183/183,187/187,281/330,173/176,237/237,216/216,340/350,128/132,0/0
EUT_20,183/183,187/190,281/281,176/182,231/231,216/216,334/350,126/130,0/0
EUT_21,183/183,187/187,330/330,161/176,216/216,210/216,334/350,122/134,0/0
EUT_22,183/183,187/190,281/281,173/179,237/237,216/216,336/340,126/130,0/0
EUT_23,183/183,187/190,284/287,182/182,240/240,213/213,274/344,126/132,161/169
EUT_24,183/183,187/190,324/324,161/173,240/240,213/216,302/336,128/132,173/173
EUT_25,183/183,187/190,0/0,161/194,231/231,213/213,0/0,126/132,0/0
EUT_26,183/189,187/190,0/0,161/161,0/0,213/213,344/344,132/132,0/0
EUT_27,183/183,187/190,281/330,170/173,237/237,216/216,336/340,122/130,155/155
EUT_28,183/183,187/190,281/281,161/173,0/0,216/216,336/340,122/130,155/155
EUT_29,183/183,187/190,324/327,161/173,0/0,213/216,0/0,122/122,161/169
EUT_30,183/183,187/190,284/284,176/179,0/0,210/216,274/334,126/130,0/0
EUT_31,183/183,187/190,284/284,173/173,0/0,210/216,274/334,126/130,0/0
EUT_32,183/183,187/190,330/330,0/0,0/0,219/222,334/342,128/134,167/167
EUT_33,183/183,187/187,330/330,0/0,237/240,216/216,350/358,128/130,161/169
GCR_01,183/183,187/187,284/287,170/170,222/234,216/216,296/338,126/128,0/0
GCR_13,183/183,187/187,281/281,176/176,231/231,210/216,284/322,122/128,0/0
GCR_31,183/183,187/187,284/284,176/176,231/231,210/216,284/310,122/128,0/0
GCR_39,183/183,0/0,284/284,173/173,237/237,210/222,282/316,126/128,0/0
GCR_41,183/183,190/190,284/284,173/173,237/237,210/222,282/316,126/128,0/0
HAM_01,192/195,187/190,287/290,170/179,222/228,216/222,284/302,114/134,163/171
HAM_47,189/192,187/187,284/284,176/179,234/240,216/216,296/358,128/130,175/175
HEM_02,189/201,187/187,284/284,170/179,183/222,213/219,284/294,128/132,163/167
HEM_03,189/201,0/0,284/284,170/179,183/222,213/219,284/294,128/132,163/167
HEM_04,189/201,187/187,284/284,170/179,183/222,213/219,0/0,126/126,0/0
HEM_16,189/198,187/190,284/284,176/179,183/237,210/216,300/300,128/136,179/179
HEM_24,189/198,187/187,284/284,170/179,183/237,213/219,284/294,128/132,163/167
HOL_01,189/189,187/190,284/284,170/182,234/234,213/216,292/326,0/0,0/0
HOL_02,183/189,187/190,284/284,170/176,234/234,204/216,296/338,0/0,159/167
HOL_03,183/183,187/190,284/284,170/170,234/234,210/219,292/342,0/0,159/175
HOL_04,183/189,187/187,284/284,170/182,234/237,204/219,288/302,0/0,165/165
HOL_05,183/189,190/190,284/287,170/182,237/237,213/216,284/292,0/0,159/159
HOL_06,183/189,187/190,284/284,170/170,234/237,204/213,336/340,0/0,175/175
HOL_07,183/183,187/190,284/284,170/176,234/237,216/216,282/338,0/0,159/175
HOL_08,183/183,187/190,284/284,176/182,234/234,204/216,278/288,0/0,151/169
HOL_09,183/183,187/190,284/284,176/182,234/234,204/216,282/338,0/0,0/0
HPC_01,195/198,190/190,284/284,170/173,183/237,216/219,0/0,0/0,0/0
HPC_02,183/183,190/190,284/284,173/173,222/237,216/216,282/282,0/0,169/169
HPC_03,183/189,190/190,284/284,173/173,183/222,216/216,282/342,0/0,0/0
HPC_04,183/183,190/190,284/287,170/173,222/237,216/216,282/342,0/0,0/0
HPC_05,183/183,190/190,284/287,170/173,222/237,216/216,284/290,0/0,0/0
HPC_06,183/189,187/190,284/284,170/173,183/237,204/216,282/282,0/0,169/169
HPC_07,183/183,190/190,284/284,173/176,183/222,216/216,284/290,0/0,0/0
HPC_08,183/195,187/190,284/284,173/176,222/222,213/219,288/304,0/0,151/169
HPC_09,183/183,187/190,284/284,173/173,222/237,216/216,282/282,0/0,169/169
HPC_10,198/201,187/190,284/284,173/176,222/237,204/210,284/288,0/0,169/169
HPC_11,183/201,187/190,284/284,173/176,234/237,204/210,284/284,0/0,151/151
HPC_12,183/189,187/190,284/284,170/170,234/237,204/216,0/0,0/0,0/0
HPC_13,0/0,0/0,0/0,0/0,0/0,204/216,282/288,0/0,151/163
HPC_14,183/183,190/190,284/284,173/176,183/237,204/216,282/282,0/0,151/165
HPC_15,183/189,190/190,284/284,173/176,183/183,213/213,0/0,0/0,0/0
KAN_04,192/198,187/187,284/284,170/173,183/183,204/210,278/336,114/126,167/167
KAN_06,198/198,187/187,284/284,179/185,183/240,216/216,284/316,126/130,163/167
KAN_10,189/198,187/190,284/284,176/185,234/240,204/204,284/316,128/128,163/167
KAN_11,198/198,187/187,284/284,173/179,183/183,210/216,298/316,126/126,163/163
KAN_14,198/201,187/187,284/284,170/182,183/234,210/210,282/284,126/126,163/163
KAN_25,183/198,187/187,284/284,173/182,183/228,210/210,282/288,126/132,163/171
KAN_36,183/201,187/190,284/284,182/182,183/228,210/210,286/296,128/128,161/167
KAN_37,183/189,190/190,284/284,173/176,234/234,204/216,284/302,128/128,163/167
KAN_39,198/198,0/0,0/0,0/0,0/0,0/0,278/298,128/128,167/171
KAN_41,183/201,187/190,284/284,176/182,183/216,210/213,0/0,128/128,161/165
KNX_01,195/195,187/187,287/339,173/182,228/234,210/219,286/286,126/126,0/0
KNX_12,183/189,187/187,284/347,170/176,228/228,216/219,284/284,0/0,163/163
KNX_16,183/183,187/190,278/284,170/176,240/240,210/216,284/324,128/136,161/161
LAW_01,189/189,0/0,284/284,0/0,222/234,0/0,284/284,0/0,0/0
LAW_02,183/189,187/187,284/284,170/173,222/234,204/213,284/284,0/0,167/167
LAW_03,183/189,187/187,284/284,173/173,222/234,204/213,284/286,0/0,167/167
LAW_04,183/183,187/187,284/284,170/173,231/234,204/216,284/286,0/0,167/167
LAW_05,183/183,187/187,284/284,0/0,234/237,204/216,286/292,0/0,159/167
LAW_06,183/189,187/187,284/284,173/173,222/234,213/216,284/352,0/0,167/167
LAW_07,183/189,187/187,284/284,173/173,222/234,204/216,284/352,0/0,163/167
LAW_08,189/189,187/187,284/284,173/173,222/234,216/216,286/338,0/0,163/167
LAW_09,183/189,187/187,284/284,173/173,222/231,213/216,284/352,0/0,167/167
LAW_10,183/189,187/187,284/284,173/173,231/234,204/216,286/352,0/0,163/167
LAW_11,183/189,187/187,284/284,173/173,222/231,204/216,284/352,0/0,165/167
LAW_12,183/195,187/190,284/290,170/176,234/237,204/213,286/304,0/0,151/167
LCC_01,183/198,187/187,324/330,0/0,183/183,216/216,286/286,126/132,0/0
LCC_02,183/198,187/187,324/330,173/191,183/216,213/216,286/286,126/132,0/0
LCC_03,198/198,187/187,324/339,170/176,183/222,213/216,282/338,132/132,0/0
LCC_04,198/198,0/0,321/324,0/0,183/216,0/0,0/0,0/0,0/0
LCC_05,0/0,0/0,0/0,0/0,183/216,0/0,0/0,0/0,0/0
LCC_06,189/198,187/187,321/324,176/176,183/216,216/216,290/338,126/132,0/0
LCC_07,0/0,187/187,281/281,0/0,183/183,213/216,0/0,0/0,0/0
LCC_08,183/183,187/187,0/0,0/0,183/183,216/216,338/338,124/132,0/0
LCC_09,189/189,187/190,0/0,176/191,183/183,216/216,338/338,0/0,0/0
LCC_10,189/189,187/187,281/321,170/176,0/0,216/216,338/338,124/128,0/0
LCC_11,189/189,187/187,284/321,170/191,225/237,213/216,338/338,128/128,0/0
LCC_12,189/189,0/0,324/324,0/0,216/216,0/0,338/338,0/0,0/0
LCC_13,0/0,187/187,0/0,173/176,0/0,216/216,0/0,0/0,0/0
LCC_14,0/0,0/0,0/0,0/0,183/216,0/0,0/0,0/0,0/0
LCC_15,183/189,187/190,311/324,0/0,183/216,0/0,0/0,114/124,0/0
LCC_16,189/189,187/190,281/321,170/170,183/237,213/216,290/338,126/134,0/0
LCC_17,189/201,0/0,281/281,0/0,183/216,0/0,0/0,0/0,0/0
LCC_18,0/0,190/190,281/281,173/173,183/216,216/216,290/290,124/130,0/0
LCC_19,189/189,187/190,284/284,170/191,183/225,213/213,338/338,124/134,0/0
LCC_20,0/0,0/0,0/0,0/0,216/216,0/0,0/0,0/0,0/0
LCC_21,189/198,187/190,281/284,176/191,183/183,213/213,290/290,126/130,0/0
LCC_22,183/189,187/187,324/327,170/176,183/237,201/213,292/338,128/132,0/0
LCC_23,189/189,187/190,0/0,176/191,183/183,213/213,0/0,126/126,0/0
LEE_01,183/201,187/187,284/284,173/182,183/237,216/222,290/340,126/132,155/175
LEE_05,183/201,187/190,284/284,170/170,219/237,213/213,278/278,120/134,163/173
LEE_08,183/192,190/190,287/287,170/179,222/237,210/210,336/336,114/114,167/167
LEE_09,183/189,187/187,284/284,158/173,234/237,210/210,360/360,126/128,167/167
LEE_10,183/201,187/190,287/287,170/170,222/231,210/216,286/294,120/126,151/167
LEE_12,189/201,187/190,287/287,170/170,234/237,210/213,286/348,114/128,165/165
LEE_13,183/189,187/190,284/284,176/176,237/240,204/210,348/360,126/134,167/175
LEE_16,183/189,187/187,287/287,170/173,237/237,213/213,0/0,128/132,163/167
LEE_17,183/201,187/187,287/287,170/173,237/237,210/216,280/280,126/134,151/167
LEE_22,0/0,187/190,284/284,176/176,237/237,213/216,278/336,126/130,165/175
LEE_23,183/189,190/190,284/287,0/0,228/237,0/0,282/282,126/138,175/175
LEE_24,183/189,187/190,284/284,170/182,234/234,216/216,286/340,114/128,157/171
LHP_01,183/189,187/187,278/293,173/176,228/234,204/210,284/284,126/126,159/165
LHP_02,183/183,187/190,278/284,176/179,183/183,204/204,284/286,126/126,159/175
LHP_03,183/183,187/190,278/284,176/179,183/234,204/204,284/286,126/126,159/175
LHP_08,183/183,187/190,278/284,176/179,183/234,204/204,284/284,126/126,159/175
LIL_01,189/198,187/187,0/0,176/176,183/183,204/216,286/286,126/136,0/0
LIL_02,189/198,0/0,324/324,0/0,183/183,0/0,286/286,126/136,0/0
LIL_03,183/189,190/190,284/305,176/191,183/216,210/216,270/294,126/126,0/0
LIL_04,183/189,187/187,321/324,161/176,216/216,204/204,288/288,126/126,0/0
LIL_05,183/189,0/0,284/284,0/0,216/216,0/0,270/286,0/0,0/0
LIL_06,183/189,187/190,281/281,170/179,216/216,210/222,270/286,130/130,0/0
LIL_07,189/189,187/190,284/324,0/0,183/216,210/210,0/0,126/130,0/0
LIL_08,189/189,187/187,0/0,0/0,183/183,0/0,0/0,126/126,0/0
LIL_09,183/189,190/190,284/284,0/0,183/183,0/0,0/0,0/0,0/0
LIL_10,0/0,187/187,0/0,173/176,0/0,210/210,270/296,114/126,0/0
LIL_11,189/189,187/190,284/284,0/0,183/183,204/210,0/0,126/126,0/0
LIL_12,189/189,190/190,281/324,173/176,183/183,204/210,286/290,126/130,0/0
LIL_13,183/189,187/190,284/284,0/0,183/183,210/213,270/286,126/130,0/0
LIL_14,189/189,190/190,311/339,173/176,183/240,210/216,338/338,122/128,0/0
LIL_15,183/189,190/190,281/324,179/182,183/240,210/210,338/338,126/134,0/0
LIL_16,183/189,187/187,281/324,176/182,183/216,204/210,288/288,126/126,0/0
LIL_17,198/198,0/0,281/324,0/0,183/216,0/0,0/0,124/130,0/0
LIL_18,183/198,187/187,284/324,0/0,183/183,204/210,286/286,126/126,0/0
LIL_19,189/198,187/190,281/324,170/176,216/216,216/216,0/0,126/126,0/0
LIL_20,189/189,187/187,284/284,161/173,183/183,213/216,0/0,130/130,0/0
LIL_21,189/189,187/187,311/311,0/0,183/222,213/213,270/330,126/130,0/0
LIL_22,189/189,187/187,311/311,176/191,183/222,213/213,270/270,126/130,0/0
LIL_23,189/189,187/187,311/311,176/191,183/222,213/213,270/270,126/130,0/0
LIL_24,189/189,187/187,324/324,176/176,183/216,204/210,286/286,126/126,0/0
LL1_01,183/189,187/187,284/284,170/173,183/237,210/216,334/334,126/134,171/171
LL2_01,198/201,187/187,284/284,170/173,183/231,204/222,290/316,122/126,151/175
LL2_06,189/198,187/187,284/284,170/176,183/228,210/216,272/340,114/130,167/167
LL2_08,189/189,187/187,284/284,170/176,183/237,210/213,336/340,114/130,167/167
LL2_17,183/198,187/187,284/284,173/179,231/234,204/204,282/336,122/130,151/159
LL2_20,183/198,187/187,284/284,173/173,231/234,204/213,282/336,132/132,167/167
LL2_24,0/0,187/187,0/0,173/179,0/0,204/204,282/288,122/130,151/159
LL2_25,0/0,187/187,284/284,176/179,231/234,204/216,0/0,128/128,153/153
LL3_01,189/195,187/187,284/284,179/179,183/240,198/204,344/356,124/128,0/0
LL3_02,189/195,187/187,284/284,173/173,183/231,210/210,282/288,124/124,0/0
LL3_03,189/189,187/187,284/284,170/170,183/237,213/216,298/344,126/132,175/175
LL3_04,189/189,187/187,284/284,173/179,183/240,210/222,282/344,128/128,175/175
LL3_05,189/189,187/187,284/284,173/173,183/231,213/213,292/336,128/128,151/175
LL3_06,189/189,187/187,0/0,170/173,0/0,213/213,344/344,132/132,0/0
LL3_07,189/195,187/187,284/284,173/176,234/237,210/222,282/344,128/128,175/175
LL3_08,189/189,187/187,284/284,158/179,219/237,213/213,338/362,128/132,0/0
LL3_09,189/189,187/187,284/284,173/176,231/234,210/213,292/344,128/128,175/175
LL3_10,189/189,187/187,284/284,179/182,219/231,204/204,352/352,122/128,0/0
LL3_11,0/0,187/187,284/284,173/179,222/240,204/204,342/342,122/130,0/0
LL3_12,183/195,187/187,284/284,173/173,231/237,213/213,288/352,128/132,0/0
LL3_13,189/198,187/187,284/284,170/170,183/234,204/216,292/354,128/132,159/171
LL3_14,183/195,187/187,284/284,0/0,183/231,198/204,292/336,122/128,0/0
LL3_15,189/189,187/187,284/284,173/173,183/183,198/210,340/344,128/130,0/0
LL3_16,189/195,187/187,284/284,176/179,183/234,204/213,336/336,126/132,173/179
LL3_17,189/189,187/187,284/284,170/173,231/231,213/216,336/340,130/132,159/159
LL3_18,195/198,187/187,284/284,173/173,234/240,204/213,282/340,128/130,171/171
LL3_19,189/198,187/187,284/284,170/173,234/237,204/204,292/362,128/130,0/0
LL3_20,183/189,187/187,284/284,173/173,183/231,204/216,336/344,130/132,0/0
LL3_21,0/0,187/187,284/284,179/179,183/240,198/216,336/344,128/128,0/0
LL3_22,183/189,187/187,284/284,179/188,234/240,222/222,282/340,128/132,0/0
LL3_23,183/189,187/187,284/284,170/179,183/222,204/213,282/282,128/132,0/0
LL3_24,195/198,187/187,284/284,179/188,234/240,204/204,282/340,122/128,173/173
LOC_01,183/183,187/187,284/284,173/173,234/237,204/204,284/288,126/126,151/151
LOC_18,183/189,187/187,284/284,170/173,234/237,213/213,284/284,126/126,0/0
LOC_20,183/189,187/187,284/284,173/173,231/237,210/210,0/0,126/126,151/151
MAN_01,183/189,187/187,287/287,170/176,183/183,216/216,0/0,122/126,0/0
MLK_01,183/189,187/190,284/284,170/176,231/237,204/210,314/342,0/0,137/137
MLK_07,183/189,187/187,284/284,158/176,183/237,204/216,286/314,0/0,0/0
MS10,195/201,187/190,284/284,170/176,222/231,204/213,0/0,122/128,151/169
MS100,195/201,187/190,284/284,170/176,222/222,204/213,282/282,122/134,151/169
MS107,195/201,187/190,0/0,170/170,222/222,0/0,0/0,0/0,0/0
MS108,195/201,187/190,284/284,170/185,222/222,204/213,282/282,122/134,151/169
MS20,198/201,187/187,284/302,170/185,228/234,210/210,296/342,124/124,151/159
MWR_01,183/198,187/190,284/284,158/179,234/237,216/216,282/302,0/0,0/0
MWR_02,183/195,187/187,284/284,170/173,183/228,204/213,302/338,0/0,155/155
MWR_03,189/195,187/187,284/284,170/173,225/231,213/216,288/302,0/0,173/173
MWR_04,189/195,187/187,284/284,170/173,225/228,213/213,288/302,0/0,173/173
MWR_06,189/195,187/187,284/284,170/173,225/228,213/213,288/364,0/0,173/173
MWR_08,183/195,187/187,284/284,170/179,228/234,213/222,288/364,0/0,175/175
MWR_09,183/195,187/187,284/284,170/179,228/234,213/222,288/364,0/0,173/173
MWR_12,183/195,187/187,284/284,170/179,228/234,213/222,288/302,0/0,173/173
MWR_15,195/201,187/187,284/284,170/185,183/228,210/213,288/302,0/0,173/173
MWR_18,183/195,187/187,284/284,170/179,228/234,213/222,288/360,0/0,173/173
MWR_19,183/195,187/187,284/284,170/179,228/234,213/222,278/286,0/0,161/161
MWR_20,183/195,187/187,284/284,170/179,228/234,213/222,288/360,0/0,173/173
MWR_21,195/198,187/187,284/284,170/176,231/237,216/222,288/288,0/0,173/173
MWR_23,183/195,187/187,284/284,179/179,222/234,204/213,288/360,0/0,173/173
NAG_14,183/183,190/190,284/284,0/0,183/237,204/216,334/342,128/128,161/169
NAG_21,183/189,187/190,339/339,0/0,183/183,216/219,340/340,128/128,163/167
NAG_22,183/189,190/190,284/284,0/0,237/237,210/210,0/0,128/128,0/0
OFR_01,195/195,187/187,284/284,158/176,237/240,213/213,326/356,126/130,0/0
OFR_06,183/198,187/190,284/284,170/176,219/234,213/216,296/334,126/134,0/0
OFR_08,183/189,187/187,284/284,173/182,228/237,216/216,360/360,126/126,0/0
OFR_09,198/198,187/190,284/284,170/173,0/0,213/216,0/0,124/130,0/0
OFR_10,189/195,187/187,284/284,176/182,219/237,210/213,316/316,122/130,0/0
OFR_17,183/195,187/187,284/284,158/170,234/237,204/213,284/360,114/130,0/0
OFR_24,195/195,187/187,284/284,158/176,237/240,213/213,326/356,126/130,0/0
PCB_06,183/183,187/187,321/324,173/179,183/183,216/216,340/340,122/122,169/169
PCB_12,183/186,187/187,324/324,173/179,183/183,216/219,340/340,122/122,169/169
PCB_29,183/186,187/187,321/321,173/173,183/183,210/219,340/340,122/122,0/0
PCB_32,183/183,187/187,318/321,161/173,183/183,210/219,340/340,122/122,167/167
PCB_33,183/183,187/187,321/324,161/170,183/234,207/216,340/340,122/124,167/167
PCB_36,183/183,187/187,321/324,173/179,183/183,216/219,340/346,122/126,169/169
PCB_37,183/183,187/187,321/324,173/179,183/183,216/219,340/346,122/126,169/169
PCB_38,183/183,187/187,321/324,173/179,183/183,216/219,340/346,122/126,169/169
PCB_39,183/183,187/187,321/324,161/179,183/183,210/219,340/344,122/134,0/0
PCB_42,183/183,187/187,321/321,161/179,183/183,210/216,332/346,122/126,0/0
PCB_43,183/183,187/187,321/321,173/173,183/183,210/216,340/340,122/124,0/0
PCB_45,183/183,187/187,321/321,161/191,183/183,216/216,338/338,126/130,0/0
PCB_47,183/183,187/187,321/321,161/173,183/183,210/216,340/340,122/126,0/0
PCB_48,183/183,187/187,321/324,161/173,183/183,210/216,340/340,122/126,167/167
PER 01,183/183,187/190,284/284,176/182,231/231,210/216,292/292,122/130,165/165
PER 34,183/198,190/190,284/324,173/176,183/234,210/213,282/336,128/128,171/171
PER 40,195/201,187/190,284/284,170/173,183/237,204/204,284/304,126/132,161/173
PER 46,183/189,190/190,284/284,176/182,183/234,216/216,282/282,122/134,167/167
PIA_01,189/195,187/187,284/284,170/170,183/234,213/216,358/358,122/126,193/193
PMQ_01,183/198,187/190,284/287,158/170,234/234,222/222,284/288,126/128,151/151
PMQ_17,183/183,187/190,284/284,158/173,234/234,222/222,288/340,114/128,0/0
PMQ_37,183/183,187/190,284/284,158/173,231/234,213/222,282/284,126/126,151/151
PMQ_60,183/198,187/187,284/284,170/176,231/234,210/222,284/326,122/126,151/151
PWP_01,183/201,187/190,284/284,170/182,183/240,213/213,296/338,114/126,163/163
PWP_03,183/189,190/190,284/284,170/182,183/183,216/216,316/344,126/128,0/0
PWP_04,183/189,187/190,284/284,170/173,183/240,216/216,284/338,126/128,171/179
PWP_05,183/189,187/187,284/287,170/176,228/240,213/216,282/282,0/0,0/0
PWP_06,183/189,187/187,284/287,170/182,234/234,210/213,0/0,0/0,0/0
PWP_08,189/189,187/187,0/0,170/170,183/228,213/213,284/284,126/130,169/169
PWP_10,189/189,187/187,284/339,170/170,183/228,213/213,284/284,126/130,169/169
PWP_11,183/198,187/190,284/287,179/182,183/183,216/216,284/290,130/130,169/169
PWP_14,183/183,187/187,281/339,170/173,183/234,213/216,336/338,124/130,163/163
PWP_15,183/189,190/190,287/287,182/182,183/228,210/216,282/298,128/128,163/179
PWP_16,183/183,187/187,284/284,170/182,183/183,213/213,284/288,122/126,161/161
PWP_17,183/183,187/190,284/284,176/182,183/234,216/216,290/290,128/132,173/173
PWP_19,183/189,190/190,287/287,173/182,183/234,210/216,0/0,0/0,0/0
PWP_20,189/198,190/190,284/287,173/182,183/234,213/213,290/290,128/128,0/0
PWP_22,183/189,190/190,284/287,170/182,183/183,213/216,286/286,128/128,173/179
PWP_23,183/189,187/190,284/287,170/182,183/240,210/210,0/0,0/0,167/167
PWP_24,189/189,190/190,287/287,173/182,183/228,216/216,0/0,128/132,171/171
PWP_27,183/189,187/190,284/0,0/182,228/228,216/216,288/288,128/128,0/0
PWP_28,189/189,187/190,284/287,170/182,234/240,210/213,284/336,124/124,171/177
PWP_31,183/189,187/190,284/321,170/182,183/237,201/210,284/332,128/132,163/183
PWP_32,189/189,187/190,284/284,170/173,183/228,0/0,0/0,0/0,0/0
PWP_33,183/189,187/190,284/284,170/182,183/237,201/210,0/0,0/0,0/0
PWP_34,183/198,187/190,284/284,170/173,183/228,216/216,0/0,128/128,169/169
PWP_35,189/189,187/187,284/284,182/182,183/183,216/216,0/0,0/0,0/0
PWP_38,183/183,187/187,339/339,170/173,183/234,213/216,336/338,124/130,163/163
PWP_39,189/192,187/190,284/284,170/182,183/234,210/213,290/290,126/126,0/0
PWP_46,183/189,190/190,284/284,170/182,183/183,216/219,290/290,128/128,173/173
RCA_01,183/189,187/190,0/0,173/182,234/237,213/213,282/316,126/134,0/0
RCA_02,183/198,187/187,284/287,0/0,228/240,0/0,288/288,130/132,173/173
RCA_04,183/198,187/187,284/287,176/179,183/228,213/213,282/336,114/130,171/171
RCA_05,189/195,187/187,287/287,170/176,228/234,213/213,282/282,114/134,0/0
RCA_06,198/198,190/190,287/287,173/176,228/228,213/216,282/282,132/134,165/171
RCA_08,189/192,187/187,287/287,182/182,183/228,0/0,336/336,114/124,0/0
RCA_10,183/189,187/187,287/287,173/173,183/228,0/0,282/286,126/126,163/163
RCA_11,189/189,187/187,287/287,173/182,222/228,216/216,286/350,114/126,163/163
RCA_12,183/198,187/187,287/287,170/176,183/228,213/213,336/336,130/132,173/173
RCA_13,189/195,187/190,284/284,182/182,216/228,0/0,284/284,114/122,0/0
RCA_15,183/189,0/0,284/284,167/173,228/240,213/213,294/350,114/114,161/171
RCA_16,183/183,187/187,284/284,170/170,216/228,0/0,332/338,114/134,171/171
RCA_17,183/189,187/187,284/287,170/182,183/183,216/216,288/288,132/134,161/169
RCA_18,183/198,187/187,284/287,0/0,183/228,0/0,284/284,114/134,161/161
RCA_20,183/183,187/187,287/287,0/0,183/228,0/0,288/332,130/132,169/181
RCA_21,183/183,187/187,287/287,170/173,183/183,216/216,288/296,132/134,169/169
RL_010,0/0,0/0,284/287,170/188,231/240,210/213,332/336,0/0,0/0
RL_02-2,0/0,0/0,284/287,0/0,183/231,210/216,336/336,0/0,0/0
RL_040,0/0,0/0,284/284,173/176,234/237,210/216,278/336,0/0,0/0
RL_05-2,0/0,0/0,287/287,170/179,231/237,213/216,284/336,0/0,0/0
RL_13,183/198,187/190,284/284,176/176,183/240,210/210,332/336,126/128,169/179
RL_14,183/192,187/190,284/284,173/182,216/237,210/216,280/282,122/126,169/175
RL_15,0/0,187/187,284/284,164/179,222/237,213/213,298/340,126/126,175/191
RL_18,0/0,0/0,284/284,179/182,222/234,204/213,338/338,0/0,175/175
RL_19,0/0,0/0,284/284,173/173,183/237,213/216,340/340,0/0,169/169
RL_22,183/189,187/187,284/284,179/182,222/234,204/213,338/338,126/134,175/175
ROC_01,183/183,187/187,284/284,173/173,234/237,210/213,282/336,126/134,151/173
SAL_01,189/189,187/187,281/284,170/173,183/234,216/216,338/342,114/126,153/163
SAL_02,189/189,187/190,281/339,173/173,183/183,219/219,292/342,126/126,153/153
SAL_03,189/189,187/187,281/281,173/173,183/216,222/222,298/342,114/126,0/0
SAL_04,183/189,187/187,281/311,173/173,216/237,213/216,292/292,126/128,163/163
SAL_05,183/195,187/190,287/287,170/173,183/183,213/213,0/0,126/126,159/159
SAL_06,183/189,187/187,281/281,173/176,183/228,213/213,336/336,114/126,163/167
SAL_07,192/192,0/0,284/287,0/0,0/0,0/0,336/336,114/126,163/167
SAL_08,183/195,187/187,284/284,173/176,183/228,213/213,288/288,114/126,163/163
SAL_09,183/189,187/187,281/284,173/176,183/228,213/216,284/316,126/128,0/0
SAL_10,183/189,187/190,281/281,173/176,183/228,213/219,0/0,114/126,0/0
SAL_11,189/189,187/190,281/281,173/191,183/183,213/219,292/292,114/126,0/0
SAL_12,183/183,187/187,284/324,170/173,183/183,213/216,284/290,126/126,161/167
SAL_13,183/189,187/190,284/324,170/173,183/183,216/216,316/336,126/126,163/163
SAL_14,183/198,187/187,281/284,176/191,183/216,213/216,284/336,126/128,161/161
SAN_21,183/183,187/190,284/287,173/179,222/228,204/213,310/342,116/128,185/185
SFP_01,198/198,187/187,284/284,170/173,222/231,213/213,336/336,134/134,161/161
SFP_11,189/198,187/187,284/287,170/176,234/234,210/213,336/336,126/130,0/0
SFP_13,183/183,187/190,287/287,173/173,222/222,210/210,336/338,126/130,161/161
SFP_15,198/198,187/187,284/287,173/173,222/222,210/216,282/336,130/130,161/165
SFP_16,183/189,187/187,284/287,173/173,213/231,210/210,282/336,130/134,0/0
SFP_21,198/198,187/187,284/287,173/173,222/231,210/213,304/336,134/134,161/161
SFP_24,183/189,187/190,287/287,170/173,231/231,210/210,336/340,130/134,0/0
SHE_01,195/195,187/187,281/284,176/176,225/225,204/216,290/350,124/126,0/0
SHE_16,195/195,187/187,0/0,161/161,0/0,204/219,338/358,124/124,165/165
SHE_19,183/195,187/187,0/0,173/173,225/225,213/219,338/358,122/124,165/165
SHE_23,183/195,187/190,0/0,176/176,225/225,210/219,290/336,122/124,165/165
SHE_24,183/183,187/190,0/0,176/191,216/216,219/219,290/358,122/124,0/0
SHO_01,183/192,0/0,284/284,0/0,222/234,0/0,0/0,132/138,0/0
SHO_02,183/183,0/0,284/284,0/0,183/183,0/0,278/340,126/126,163/167
SHO_03,183/189,187/187,284/284,176/179,183/234,216/219,278/340,126/132,0/0
SHO_04,183/198,187/187,284/284,179/182,183/234,210/216,294/340,122/124,149/167
SHO_06,183/189,0/0,284/284,0/0,183/234,0/0,296/336,126/134,171/171
SHO_07,183/192,0/0,284/284,176/176,183/228,210/216,292/296,128/134,147/183
SHO_09,189/198,187/187,284/284,170/173,183/228,210/216,296/340,126/132,0/0
SHO_10,189/198,187/187,284/284,170/173,183/183,210/216,336/340,134/138,0/0
SHO_11,189/198,187/187,284/284,170/173,183/183,210/210,336/340,122/132,163/185
SHO_12,183/195,187/187,284/284,176/176,183/228,216/216,298/298,126/126,167/167
SHO_14,189/198,187/187,284/284,173/179,183/234,213/216,278/290,126/130,167/167
SHO_15,183/183,187/187,284/284,173/179,183/234,216/216,282/290,126/130,161/161
SHO_16,189/198,187/187,284/284,173/179,183/234,213/216,278/290,126/130,167/167
SHO_17,189/198,0/0,284/284,0/0,183/234,0/0,278/290,126/130,167/167
SHO_23,189/201,187/187,284/284,173/182,183/183,216/216,296/340,126/126,0/0
SHO_24,198/201,187/190,284/284,176/182,183/234,210/216,316/332,122/124,0/0
STO_01,189/189,0/0,281/321,0/0,183/183,210/210,284/288,126/126,0/0
STO_06,183/183,187/187,281/311,161/179,183/240,204/216,0/0,130/130,0/0
STO_07,183/189,0/0,305/311,0/0,183/183,0/0,0/0,126/130,0/0
STO_08,183/189,190/190,284/284,173/173,228/240,210/216,282/288,126/126,0/0
STO_10,183/189,190/190,281/305,161/170,183/183,210/213,288/288,126/126,0/0
SUS_01,183/189,190/190,284/284,170/173,228/234,210/210,282/360,124/126,0/0
SUS_04,183/192,190/190,284/284,170/176,228/240,210/216,282/288,126/128,161/161
SUS_10,183/198,187/187,284/284,173/173,228/234,213/216,288/296,128/134,167/167
SUS_11,183/183,187/187,284/284,176/176,228/237,210/216,282/298,126/126,147/151
SUS_14,183/183,187/190,284/284,173/182,228/231,0/0,282/284,128/134,151/163
SUS_16,183/189,190/190,284/284,170/173,228/237,0/0,282/360,124/126,0/0
SUS_24,183/198,187/190,287/287,182/182,183/228,216/216,288/298,128/130,151/163
SUS_28,183/183,187/187,284/284,176/176,228/237,216/216,282/298,126/128,151/163
TAL_01,183/198,187/187,281/324,161/173,0/0,216/219,296/338,124/126,169/169
TAL_08,195/198,187/187,287/287,176/191,216/216,210/219,338/346,126/128,0/0
TAL_24,183/195,187/190,324/324,161/173,216/216,213/219,338/338,126/126,161/169
TER_01,189/198,0/0,0/0,0/0,216/231,0/0,280/292,124/124,0/0
TER_02,189/198,0/0,0/0,0/0,216/231,0/0,0/0,0/0,0/0
TER_03,189/198,0/0,0/0,0/0,216/216,0/0,0/0,0/0,0/0
TER_04,189/198,187/187,0/0,0/0,0/0,0/0,280/292,0/0,0/0
TER_05,189/198,187/187,324/324,161/176,216/231,198/210,280/292,124/124,0/0
TER_06,198/198,0/0,0/0,0/0,216/231,0/0,0/0,0/0,0/0
TER_07,189/198,187/187,324/330,176/191,183/216,213/216,338/338,130/130,0/0
TER_08,189/198,0/0,0/0,0/0,183/216,0/0,0/0,0/0,0/0
TER_09,189/198,187/187,324/330,176/191,216/216,210/216,292/292,124/128,0/0
TER_10,189/198,190/190,311/324,176/191,216/231,210/210,0/0,0/0,0/0
TER_11,198/201,0/0,327/327,176/176,216/216,210/216,286/286,130/134,0/0
TER_12,183/198,187/187,324/324,161/161,183/231,210/213,0/0,124/134,0/0
TER_13,183/198,190/190,0/0,0/0,183/183,0/0,0/0,0/0,0/0
TER_14,192/198,0/0,311/327,0/0,216/234,0/0,0/0,0/0,0/0
TER_15,192/192,187/190,324/324,176/176,216/216,0/0,0/0,0/0,0/0
TER_16,189/192,187/187,284/327,176/176,216/216,210/216,286/292,126/130,0/0
TER_17,189/189,187/187,287/311,176/191,216/216,210/216,284/284,124/130,0/0
TER_18,189/198,187/190,287/287,176/191,216/216,210/216,284/284,118/130,0/0
TER_19,189/198,187/190,287/311,176/191,216/216,210/213,284/284,118/130,0/0
TER_20,189/189,187/187,287/287,191/191,216/231,204/210,284/288,124/124,0/0
TER_21,183/189,0/0,0/0,0/0,216/216,0/0,294/340,128/128,0/0
TER_22,183/189,187/187,324/327,170/179,216/216,204/216,294/340,128/128,0/0
TER_23,189/198,187/187,324/324,176/176,183/216,210/210,280/292,124/130,0/0
TER_24,192/201,0/0,0/0,0/0,183/216,0/0,280/280,0/0,0/0
TER_25,183/189,0/0,0/0,0/0,183/216,0/0,0/0,0/0,0/0
TER_26,183/189,0/0,324/330,0/0,183/216,0/0,286/286,124/134,0/0
TER_27,183/198,187/190,324/324,161/176,183/234,210/216,286/286,130/134,0/0
TYG_01,183/198,187/187,284/284,173/176,231/234,216/216,284/334,122/126,161/173
TYG_02,183/198,187/190,284/284,173/173,231/234,210/216,284/288,126/132,167/173
WBF_01,183/198,190/190,284/284,173/182,216/234,198/213,332/356,124/130,0/0
WBF_02,183/189,187/190,284/321,173/179,183/231,198/210,284/296,128/132,0/0
WBF_03,183/183,187/187,287/287,176/179,183/222,210/213,284/296,128/132,0/0
WBF_04,183/198,187/187,281/321,173/173,234/237,210/210,270/282,128/132,0/0
WBF_05,183/189,187/190,321/327,179/179,234/234,0/0,334/360,118/128,0/0
WBF_06,183/198,190/190,281/321,182/185,234/234,216/216,282/334,130/132,0/0
WBF_07,183/183,187/187,287/287,173/179,228/231,210/216,284/338,128/128,0/0
WBF_08,183/198,187/187,281/321,179/179,183/183,216/216,284/332,128/128,0/0
WBF_09,189/192,190/190,284/321,179/182,183/228,0/0,282/332,118/118,0/0
WBF_10,183/198,187/190,321/321,179/182,183/234,204/216,332/332,118/130,0/0
WBF_11,183/183,187/187,284/284,179/182,183/231,210/210,270/332,128/134,0/0
WBF_12,183/198,187/187,281/321,179/179,183/231,210/216,284/284,128/128,0/0
WBF_13,183/198,190/190,284/339,179/182,228/231,210/216,332/338,128/128,0/0
WBF_14,183/198,187/187,284/321,179/179,183/234,210/210,284/338,128/128,0/0
WBF_15,183/210,187/190,311/327,179/179,183/234,216/216,284/292,118/128,0/0
WBF_16,189/198,187/190,281/311,179/179,0/0,210/210,284/360,118/128,0/0
WBF_17,183/183,187/190,284/311,173/173,216/237,216/216,272/284,126/130,0/0
WBF_18,183/198,190/190,284/321,173/182,183/183,213/213,274/348,128/130,0/0
WBF_19,189/198,0/0,0/0,0/0,183/228,0/0,330/360,0/0,0/0
WBF_20,189/198,187/190,284/321,179/182,183/228,213/213,330/360,118/128,0/0
WBF_21,192/192,187/187,281/284,179/182,183/231,213/213,296/330,126/128,0/0
WBF_22,183/183,187/187,281/281,173/182,183/228,204/213,274/338,128/128,0/0
WDP_01,183/189,187/187,287/287,176/176,228/234,213/216,278/282,128/132,173/173
WDP_09,183/189,187/187,284/284,176/179,183/234,213/216,282/282,126/130,0/0
WDP_22,183/183,187/187,284/284,170/170,231/231,210/216,262/330,118/118,155/155
WES_04,183/189,187/190,284/284,170/185,183/231,213/216,286/286,134/134,151/169
WES_10,183/189,190/190,284/284,170/170,183/237,213/216,282/282,128/134,151/151
WES_11,183/189,187/190,284/284,173/185,183/234,216/216,284/326,134/134,151/151
WES_12,183/189,190/190,284/284,170/170,237/243,216/216,282/288,124/136,151/169
WES_13,183/183,190/190,284/284,170/173,183/183,216/219,282/360,132/132,0/0
WES_15,183/192,187/190,284/284,170/176,237/243,213/216,326/326,132/132,151/161
WES_16,186/189,190/190,284/284,170/173,222/234,204/213,282/304,114/126,165/165
WES_23,189/189,187/190,284/284,179/185,237/237,213/213,282/282,114/136,0/0
WES_25,183/183,187/187,284/284,158/173,183/228,213/213,286/326,126/130,0/0
WSL_01,183/183,187/187,284/327,158/173,183/228,216/216,286/326,126/130,0/0
WSL_02,183/183,187/187,284/287,158/170,237/243,204/216,282/294,122/126,159/173
WSL_03,183/183,187/187,284/327,158/173,183/237,204/216,286/294,126/126,173/173
WSL_04,183/183,187/187,284/287,0/0,183/243,210/216,282/282,0/0,159/165
WSL_05,183/183,190/190,284/287,173/176,228/228,210/210,294/294,132/134,159/159
WSL_06,183/195,187/187,284/287,0/0,183/237,204/210,312/336,122/132,165/165
WSL_07,183/183,187/190,284/287,170/176,228/234,210/213,280/294,128/134,0/0
WSL_09,183/195,187/187,284/284,170/173,183/234,216/216,282/312,126/128,0/0
WSL_11,183/189,190/190,284/284,170/170,231/231,213/213,282/286,134/136,169/169
CFP_01,189/192,187/187,284/284,173/173,228/237,210/216,302/338,0/0,165/167
CHA_01,183/183,187/187,287/287,173/179,240/240,210/216,278/278,126/134,0/0
CON_06,183/195,187/187,284/287,0/0,228/234,204/222,278/304,122/132,157/163
CON_07,183/189,187/190,287/287,0/0,222/231,210/213,278/282,122/124,157/165
FCP_11,183/183,187/187,284/284,170/170,231/231,210/216,262/328,118/118,155/155
FCP_13,183/183,187/187,284/284,170/170,183/183,207/207,262/340,118/118,167/167
FCP_21,183/183,187/187,284/284,170/170,228/228,210/216,262/328,118/118,139/139
FHM_20,183/189,187/190,284/287,173/173,222/234,204/213,304/304,128/130,165/165
FHM_37,183/189,187/190,284/284,170/173,231/231,210/213,0/0,0/0,0/0
FHM_41,183/183,187/190,284/284,173/176,231/231,204/213,296/304,128/128,0/0
FHM_43,183/183,187/187,284/284,173/176,231/231,204/216,296/304,128/128,159/173
FHM_44,183/183,187/187,287/287,170/176,228/287,210/210,282/282,128/134,173/173
FHM_9,0/0,187/187,287/287,0/0,0/0,0/0,276/304,0/0,169/169
LCN_04,192/201,187/190,284/287,170/173,237/237,207/216,288/296,126/130,0/0
LCN_22,192/201,187/190,284/287,170/173,237/237,207/216,288/310,126/130,0/0
LCN_44,192/201,187/190,284/287,170/173,240/240,207/216,288/306,126/130,0/0
LCN_45,192/201,187/190,284/287,170/173,237/237,207/216,288/306,126/130,0/0
LM1_01,195/198,187/190,284/284,170/173,237/237,210/216,336/354,130/130,151/151
LM1_02,183/195,187/190,284/284,170/173,228/231,210/210,336/340,128/130,0/0
LM1_03,183/192,187/190,284/284,173/176,228/231,210/216,336/340,128/128,0/0
LM1_06,183/183,187/187,287/287,173/173,231/234,210/210,294/294,126/128,175/175
LM1_07,183/183,190/190,284/284,173/173,228/234,213/216,282/340,130/132,159/177
LM1_08,183/195,187/187,287/287,0/0,0/0,216/216,282/288,130/130,0/0
LM1_09,183/198,187/190,284/284,173/173,231/234,204/213,282/282,130/134,159/159
LM1_11,183/195,187/187,284/284,170/176,228/234,216/216,282/288,128/128,0/0
LM1_12,183/189,187/187,0/0,173/182,228/231,210/213,294/294,126/128,169/175
LM1_13,183/192,187/190,284/284,173/176,228/234,216/216,282/340,128/128,159/171
LM1_14,183/192,187/190,284/284,170/176,231/231,210/216,282/288,126/130,175/175
LM1_15,192/195,187/187,284/284,170/173,234/234,210/210,282/290,126/134,151/173
LM1_16,183/189,187/187,284/284,173/173,237/240,210/216,282/342,128/130,177/177
LM1_17,189/195,187/190,284/284,173/176,222/237,216/216,282/288,128/130,159/171
LM2_01,183/183,187/187,284/284,170/176,183/231,210/216,282/284,122/134,177/179
LM3_01,189/195,187/190,284/284,173/173,234/237,204/210,294/342,128/132,175/175
LM3_06,189/195,187/190,284/284,173/173,234/237,204/210,294/342,128/132,169/175
LM3_14,183/183,0/0,284/284,0/0,234/234,210/216,0/0,126/126,171/171
MC1_01,183/183,187/187,284/284,173/173,183/237,213/213,282/294,122/126,169/169
MC1_02,183/183,187/187,284/284,173/173,231/234,213/213,300/344,128/130,157/177
MC1_06,183/195,187/187,284/284,173/173,183/234,213/213,298/300,128/132,171/171
MC1_07,183/195,187/187,284/284,173/173,183/234,204/213,298/300,128/132,171/171
MC1_08,183/195,187/190,284/284,170/176,183/234,204/213,298/300,128/132,171/171
MC1_09,183/183,0/0,287/287,170/173,183/222,210/210,278/338,122/126,0/0
MC1_14,183/183,187/187,287/287,170/173,183/222,210/210,278/338,122/126,0/0
MC2_01,195/198,187/187,284/284,170/182,183/237,210/213,292/356,124/126,169/175
MC2_05,183/198,187/190,284/284,173/182,183/237,210/213,316/356,126/126,175/175
MC2_06,183/195,187/190,284/284,173/173,183/237,213/213,284/336,128/130,159/159
MC2_07,183/195,187/187,284/284,173/173,183/237,213/213,284/336,128/130,159/159
MC2_12,183/195,187/190,284/284,170/176,183/237,204/210,284/336,128/130,159/159
MC2_13,183/195,0/0,284/284,0/0,183/237,204/210,284/336,128/130,159/159
MC2_14,183/195,187/190,284/284,173/173,183/237,210/213,284/336,128/130,159/159
MC2_16,183/195,187/187,284/284,0/0,183/234,210/213,284/336,128/130,159/167
MC2_17,183/195,187/187,284/284,173/173,183/237,204/213,278/284,0/0,159/159
MC2_18,183/183,187/190,284/287,176/176,228/237,204/213,286/338,122/126,159/165
MC3_12,183/198,187/187,284/284,176/176,183/228,216/216,310/338,130/130,159/163
OSF_22,183/183,190/190,284/284,173/179,183/228,213/219,282/340,122/136,169/169
OSF_23,183/189,187/190,287/287,173/173,183/183,213/216,316/340,126/128,153/171
OSF_36,183/183,187/190,284/287,173/173,183/183,213/222,278/354,124/134,163/183
PET_01,183/189,187/187,284/284,170/182,183/183,213/216,286/354,114/128,0/0
PET_02,183/189,187/187,284/284,176/176,183/183,213/216,286/298,114/126,0/0
PET_03,189/189,187/187,284/284,176/182,183/228,216/216,0/0,0/0,0/0
PET_04,189/189,187/190,284/284,170/176,183/222,210/213,296/296,124/128,0/0
PET_06,189/189,187/187,284/284,182/182,183/228,216/216,296/296,128/134,0/0
PET_07,183/189,187/187,284/311,170/176,183/228,213/213,286/296,114/126,0/0
PET_09,183/189,187/187,284/311,176/185,183/231,213/213,296/296,114/134,0/0
PET_10,189/189,187/187,284/284,182/182,183/240,213/216,286/286,114/126,0/0
PET_11,183/189,187/190,284/284,176/182,228/240,210/213,0/0,0/0,0/0
PET_12,189/189,187/187,281/284,176/185,183/183,213/216,296/296,126/128,0/0
PET_13,183/189,190/190,284/284,170/176,183/183,216/216,288/296,114/124,0/0
PET_14,189/189,187/187,284/284,170/182,183/228,210/213,296/300,114/134,0/0
PET_15,189/189,187/187,0/0,170/176,183/228,213/216,0/0,0/0,0/0
PET_16,189/189,187/190,287/287,176/182,183/231,216/216,300/300,128/128,0/0
PET_17,183/189,187/187,284/287,170/182,183/228,213/213,288/300,126/134,0/0
PET_18,183/183,187/187,284/287,176/182,183/183,213/213,286/286,128/128,0/0
PET_19,0/0,190/190,0/0,182/182,183/228,216/216,296/296,126/126,0/0
PET_20,183/189,187/187,287/311,179/182,183/228,213/216,296/296,128/128,0/0
PET_21,183/189,187/187,284/287,176/182,183/228,213/213,0/0,0/0,0/0
PET_22,189/189,187/187,284/311,176/182,183/240,210/213,0/0,0/0,0/0
PET_23,183/189,187/187,284/284,0/0,183/234,213/216,0/0,0/0,0/0
PET_24,183/189,187/187,284/287,170/185,0/0,216/216,0/0,0/0,0/0
POC_07,183/189,187/187,0/0,161/173,183/234,210/213,0/0,124/124,0/0
POC_10,183/189,187/187,0/0,176/176,183/240,210/210,0/0,0/0,0/0
POC_24,183/189,187/187,0/0,170/173,183/183,213/216,0/0,0/0,0/0
POC_28,183/189,187/187,0/0,170/173,183/234,213/216,0/0,124/130,0/0
POC_36,183/189,187/187,0/0,176/182,240/240,210/210,0/0,122/124,0/0
POC_43,183/189,187/187,284/287,161/182,228/231,210/213,0/0,0/0,0/0
SCI_01,183/213,187/190,284/284,173/173,222/240,210/210,292/356,126/132,161/169
SEL_01,183/198,187/190,284/284,0/0,231/231,0/0,284/288,126/132,157/171
SEL_02,183/195,187/190,284/284,173/176,183/234,216/216,294/346,124/132,157/167
SU1_01,183/198,187/190,284/284,173/173,237/240,210/216,284/304,126/130,151/161
SU1_02,183/192,187/187,284/284,170/173,228/234,210/213,282/304,130/130,167/167
SU1_03,183/198,187/190,284/284,173/182,222/231,213/216,282/332,126/128,151/161
SU1_11,183/183,187/190,284/284,173/179,228/234,213/216,282/288,126/134,151/171
SU1_13,183/183,187/190,284/284,173/176,231/234,216/216,282/284,126/126,161/161
SU1_16,183/183,187/187,284/284,173/173,228/240,213/213,282/288,128/130,165/165
SU1_17,183/183,187/187,0/0,173/182,237/240,210/210,282/304,126/126,151/177
SU1_21,183/183,187/187,284/284,176/182,231/237,210/216,282/332,128/134,165/177
SU1_23,183/183,187/190,284/284,173/173,183/237,210/216,282/336,126/132,147/147
SU1_25,183/198,187/190,284/284,173/173,237/240,210/216,284/304,126/130,151/161
SU1_31,183/183,187/187,284/284,173/176,228/231,213/216,288/304,130/130,165/165
TUN_03,183/192,190/190,284/284,0/0,222/228,225/225,282/344,124/128,167/169
TUN_08,183/189,0/0,0/0,0/0,228/240,204/204,0/0,0/0,0/0
TUN_09,192/198,187/190,284/284,158/179,237/240,213/213,282/336,128/130,167/167
TUN_11,183/189,190/190,284/284,176/182,183/219,216/216,280/304,134/140,153/175
TUN_18,183/192,190/190,287/287,179/188,234/243,216/216,288/344,130/130,167/179
TUN_23,183/198,187/190,284/287,0/0,231/243,0/0,288/344,130/132,167/175
TUN_24,183/183,190/190,284/284,0/0,0/0,0/0,282/282,114/132,163/175
WEN_10,183/189,187/187,284/284,176/182,231/237,204/210,288/288,126/134,159/167
